{
  "shape": [
    2,
    5
  ],
  "tag": "openadmet-CYP3A4-pchembl-regression-testing-cv",
  "cyp3a4_pchembl_value_mean": {
    "mse": {
      "value": [
        0.2920141490830551,
        0.2747967100053617,
        0.27331826261297365,
        0.2632248582172233,
        0.26915176866192564,
        0.2865549141674111,
        0.27562433468124087,
        0.26772093119700846,
        0.29502700693343403,
        0.2670865262270998
      ],
      "mean": 0.2764519461786733,
      "lower_ci": 0.25483579645948223,
      "upper_ci": 0.29806809589786437,
      "confidence_level": 0.95
    },
    "mae": {
      "value": [
        0.3806319103024519,
        0.3713748613697113,
        0.371535823016066,
        0.37370208542107175,
        0.37457348110467703,
        0.3786092018479873,
        0.3775877235411104,
        0.36651723686733734,
        0.3802784293414996,
        0.37333056547756077
      ],
      "mean": 0.37481413182894735,
      "lower_ci": 0.3660316280520472,
      "upper_ci": 0.3835966356058475,
      "confidence_level": 0.95
    },
    "r2": {
      "value": [
        0.32942847509205553,
        0.3866010673066437,
        0.368031002824739,
        0.41642561833351743,
        0.3976459790579241,
        0.343726936142547,
        0.3830406919257313,
        0.3868829234725354,
        0.33352476181030943,
        0.3940818053420827
      ],
      "mean": 0.37393892613080854,
      "lower_ci": 0.3164401505228303,
      "upper_ci": 0.43143770173878676,
      "confidence_level": 0.95
    },
    "ktau": {
      "value": [
        0.3938187482119219,
        0.39772895659697954,
        0.39954939679412754,
        0.3996948028519949,
        0.4034800439424978,
        0.38997718355497024,
        0.39459007157113235,
        0.40130691706419647,
        0.4069076974790715,
        0.3996163704711404
      ],
      "mean": 0.3986670188538033,
      "lower_ci": 0.38903635151218574,
      "upper_ci": 0.40829768619542084,
      "confidence_level": 0.95
    },
    "spearmanr": {
      "value": [
        0.5429922277319371,
        0.5478640430340986,
        0.5499994461795559,
        0.5499028206891503,
        0.5545943883964892,
        0.5375427410115882,
        0.5441157213207092,
        0.5527749252862082,
        0.5586300311791667,
        0.5530528628817096
      ],
      "mean": 0.5491469207710613,
      "lower_ci": 0.5369450670989571,
      "upper_ci": 0.5613487744431656,
      "confidence_level": 0.95
    }
  },
  "cyp2d6_pchembl_value_mean": {
    "mse": {
      "value": [
        0.4449191336062811,
        0.45167320060075133,
        0.4627894507306265,
        0.44045788666259905,
        0.42523886827580487,
        0.4552175320704573,
        0.4638602086550952,
        0.4345308277389848,
        0.44056214923312687,
        0.46040980658960806
      ],
      "mean": 0.4479659064163335,
      "lower_ci": 0.42256997378617417,
      "upper_ci": 0.4733618390464928,
      "confidence_level": 0.95
    },
    "mae": {
      "value": [
        0.4834041150133946,
        0.48980568624383564,
        0.48740840122146056,
        0.48870647580916604,
        0.4824313269846806,
        0.4831274579597717,
        0.5015226461054947,
        0.4814340957862695,
        0.48043469864101285,
        0.4922087513434741
      ],
      "mean": 0.48704836551085606,
      "lower_ci": 0.4744501365439207,
      "upper_ci": 0.4996465944777914,
      "confidence_level": 0.95
    },
    "r2": {
      "value": [
        0.21107266085879262,
        0.22346392561242157,
        0.20207030302322537,
        0.22041201052243053,
        0.23179259508773298,
        0.2303256567225931,
        0.20207100750439033,
        0.22938476853686796,
        0.2151448177745473,
        0.2109630104314889
      ],
      "mean": 0.21767007560744908,
      "lower_ci": 0.19581062749126016,
      "upper_ci": 0.239529523723638,
      "confidence_level": 0.95
    },
    "ktau": {
      "value": [
        0.32393109360722555,
        0.33072164710069923,
        0.33803067838843925,
        0.3319564931916588,
        0.3360805318950675,
        0.3449324750359973,
        0.32088749852195914,
        0.33218897982726037,
        0.33637535282356584,
        0.318352138372983
      ],
      "mean": 0.3313456888764856,
      "lower_ci": 0.3151878745717238,
      "upper_ci": 0.34750350318124734,
      "confidence_level": 0.95
    },
    "spearmanr": {
      "value": [
        0.45832635814565464,
        0.47096469325539636,
        0.4786201302511662,
        0.46969194220483673,
        0.4769991046635847,
        0.4889038056142243,
        0.45732340992190096,
        0.47166116412433057,
        0.47552444596433535,
        0.4523794778005647
      ],
      "mean": 0.4700394531945995,
      "lower_ci": 0.4481518278095218,
      "upper_ci": 0.4919270785796772,
      "confidence_level": 0.95
    }
  },
  "cyp2c9_pchembl_value_mean": {
    "mse": {
      "value": [
        0.4206765922801326,
        0.38623339237241416,
        0.40094024397772604,
        0.3898612109138005,
        0.3695942572314989,
        0.39552890469547786,
        0.38471264432922603,
        0.3859567031739272,
        0.372585784422546,
        0.401687467999955
      ],
      "mean": 0.39077772013967044,
      "lower_ci": 0.3615601583842943,
      "upper_ci": 0.4199952818950466,
      "confidence_level": 0.95
    },
    "mae": {
      "value": [
        0.4634277454963476,
        0.44641800238298407,
        0.44655430309384614,
        0.4521703911675117,
        0.444088211502441,
        0.44950653404014496,
        0.44744189867910283,
        0.446579906226756,
        0.43438771403031395,
        0.4471323689077684
      ],
      "mean": 0.44777070755272164,
      "lower_ci": 0.4336761952736116,
      "upper_ci": 0.46186521983183165,
      "confidence_level": 0.95
    },
    "r2": {
      "value": [
        0.09184510825264736,
        0.16676235592826316,
        0.12703133598803784,
        0.16639474802950605,
        0.19196016364288881,
        0.15781374522682146,
        0.18015804621511566,
        0.15668351788561174,
        0.1773140261170001,
        0.15259220733302403
      ],
      "mean": 0.1568555254618916,
      "lower_ci": 0.1002084005848027,
      "upper_ci": 0.21350265033898053,
      "confidence_level": 0.95
    },
    "ktau": {
      "value": [
        0.2977623555256289,
        0.30277001802622083,
        0.2945030935511258,
        0.29774939164573433,
        0.3112970245332013,
        0.31475759953801175,
        0.3099713550312797,
        0.30547269058284615,
        0.3098843628951603,
        0.31180708209776714
      ],
      "mean": 0.3055974973426977,
      "lower_ci": 0.291791887129813,
      "upper_ci": 0.3194031075555824,
      "confidence_level": 0.95
    },
    "spearmanr": {
      "value": [
        0.42206747896356617,
        0.4278879389224463,
        0.41688495012909765,
        0.42087786273778266,
        0.4392901060317841,
        0.44585551730614986,
        0.43807012547046037,
        0.4318586766621887,
        0.43620178971558754,
        0.44058738928383434
      ],
      "mean": 0.4319581835222898,
      "lower_ci": 0.41301075104654433,
      "upper_ci": 0.4509056159980353,
      "confidence_level": 0.95
    }
  },
  "cyp1a2_pchembl_value_mean": {
    "mse": {
      "value": [
        0.33335439020034396,
        0.3095789642393983,
        0.2933602414671032,
        0.3264615013136813,
        0.3001851498833783,
        0.3174987678024731,
        0.3317087457806365,
        0.30035231403195944,
        0.31377657834040745,
        0.2980087190024858
      ],
      "mean": 0.3124285372061867,
      "lower_ci": 0.2838801658710322,
      "upper_ci": 0.34097690854134116,
      "confidence_level": 0.95
    },