{
  "tag": "openadmet-CYP3A4-pchembl-regression-testing-cv",
  "cyp3a4_pchembl_value_mean": {
    "mse": {
      "value": 0.25915374919459633,
      "lower_ci": 0.2308213302671066,
      "upper_ci": 0.284770719940139,
      "confidence_level": 0.95
    },
    "mae": {
      "value": 0.35593247203199657,
      "lower_ci": 0.3434848201573347,
      "upper_ci": 0.3684349235061622,
      "confidence_level": 0.95
    },
    "r2": {
      "value": 0.4062933002597746,
      "lower_ci": 0.35314254209436513,
      "upper_ci": 0.46493860334301373,
      "confidence_level": 0.95
    },
    "ktau": {
      "value": 0.4500689819583166,
      "lower_ci": 0.4292107755170774,
      "upper_ci": 0.4708722826997932,
      "confidence_level": 0.95
    },
    "spearmanr": {
      "value": 0.6078025976042573,
      "lower_ci": 0.5822451207151484,
      "upper_ci": 0.6344684712325237,
      "confidence_level": 0.95
    }
  },
  "cyp2d6_pchembl_value_mean": {
    "mse": {
      "value": 0.4070496725187396,
      "lower_ci": 0.3558757294977501,
      "upper_ci": 0.45334664353080345,
      "confidence_level": 0.95
    },
    "mae": {
      "value": 0.446693030467131,
      "lower_ci": 0.42478551226508393,
      "upper_ci": 0.46802686127346027,
      "confidence_level": 0.95
    },
    "r2": {
      "value": 0.2614811157327508,
      "lower_ci": 0.21016042305504584,
      "upper_ci": 0.3144372698483093,
      "confidence_level": 0.95
    },
    "ktau": {
      "value": 0.3716689035442534,
      "lower_ci": 0.343512016406359,
      "upper_ci": 0.40096834853965124,
      "confidence_level": 0.95
    },
    "spearmanr": {
      "value": 0.5203326054291663,
      "lower_ci": 0.48375732312700703,
      "upper_ci": 0.5591944790317196,
      "confidence_level": 0.95
    }
  },
  "cyp2c9_pchembl_value_mean": {
    "mse": {
      "value": 0.3854365591547013,
      "lower_ci": 0.340124098719212,
      "upper_ci": 0.4274844465605187,
      "confidence_level": 0.95
    },
    "mae": {
      "value": 0.434475798226085,
      "lower_ci": 0.4154384501994814,
      "upper_ci": 0.45282489819488386,
      "confidence_level": 0.95
    },
    "r2": {
      "value": 0.20982100469990017,
      "lower_ci": 0.15856847614969938,
      "upper_ci": 0.26116716967940723,
      "confidence_level": 0.95
    },
    "ktau": {
      "value": 0.34128757147732913,
      "lower_ci": 0.31411793232541385,
      "upper_ci": 0.36911374089086785,
      "confidence_level": 0.95
    },
    "spearmanr": {
      "value": 0.47618675294948354,
      "lower_ci": 0.4397609851287495,
      "upper_ci": 0.513330026137973,
      "confidence_level": 0.95
    }
  },
  "cyp1a2_pchembl_value_mean": {
    "mse": {
      "value": 0.2981689341721075,
      "lower_ci": 0.2671817923921606,
      "upper_ci": 0.3263413647670976,
      "confidence_level": 0.95
    },
    "mae": {
      "value": 0.40214755725435813,
      "lower_ci": 0.3863573155261779,
      "upper_ci": 0.41775356526555946,
      "confidence_level": 0.95
    },
    "r2": {
      "value": 0.37983594170074786,
      "lower_ci": 0.33079971396644475,
      "upper_ci": 0.43187187529300486,
      "confidence_level": 0.95
    },
    "ktau": {
      "value": 0.4433279309292161,
      "lower_ci": 0.41891483257977935,
      "upper_ci": 0.467479037286108,
      "confidence_level": 0.95
    },
    "spearmanr": {
      "value": 0.606179078219993,
      "lower_ci": 0.5758884901249259,
      "upper_ci": 0.6377986759173755,
      "confidence_level": 0.95
    }
  }
}