{
  "shape": [
    5,
    2
  ],
  "tag": "openadmet-PXR-chembl",
  "cyp3a4_pchembl_value_mean": {
    "fit_time": {
      "value": [
        22.860058546066284,
        19.466981172561646,
        19.363900661468506,
        23.060694932937622,
        21.02515745162964,
        22.11932635307312,
        19.458037614822388,
        19.231507301330566,
        19.332371711730957,
        21.083273887634277
      ],
      "mean": 20.7001309633255,
      "lower_ci": 17.679221446623526,
      "upper_ci": 23.721040480027472,
      "confidence_level": 0.95
    },
    "score_time": {
      "value": [
        0.04023098945617676,
        0.0397031307220459,
        0.04337430000305176,
        0.038703203201293945,
        0.04154086112976074,
        0.04098200798034668,
        0.039205312728881836,
        0.0475618839263916,
        0.038271427154541016,
        0.03700757026672363
      ],
      "mean": 0.040658068656921384,
      "lower_ci": 0.03474295438459159,
      "upper_ci": 0.04657318292925118,
      "confidence_level": 0.95
    },
    "mse": {
      "value": [
        0.23538391292095184,
        0.23744124174118042,
        0.24165746569633484,
        0.2700987458229065,
        0.227613165974617,
        0.24621029198169708,
        0.25547462701797485,
        0.2482031285762787,
        0.2554820477962494,
        0.23175226151943207
      ],
      "mean": 0.24493168890476227,
      "lower_ci": 0.2196303713595319,
      "upper_ci": 0.27023300644999265,
      "confidence_level": 0.95
    },
    "mae": {
      "value": [
        0.3494732975959778,
        0.3527242839336395,
        0.353847861289978,
        0.35620930790901184,
        0.35410138964653015,
        0.3536655604839325,
        0.3658148944377899,
        0.35991767048835754,
        0.36086463928222656,
        0.3503987789154053
      ],
      "mean": 0.35570176839828493,
      "lower_ci": 0.34573166394168897,
      "upper_ci": 0.3656718728548809,
      "confidence_level": 0.95
    },
    "r2": {
      "value": [
        0.440490186214447,
        0.4571107029914856,
        0.4307555556297302,
        0.42989104986190796,
        0.4383860230445862,
        0.40619558095932007,
        0.4297034740447998,
        0.45352959632873535,
        0.41839122772216797,
        0.4288920760154724
      ],
      "mean": 0.43333454728126525,
      "lower_ci": 0.40367403548634795,
      "upper_ci": 0.46299505907618255,
      "confidence_level": 0.95
    },
    "ktau": {
      "value": [
        0.4406354941884371,
        0.4285252126129177,
        0.43301654246128546,
        0.4469390915620451,
        0.4062894786496876,
        0.42500465801303094,
        0.42088940574313916,
        0.43488889034967626,
        0.4231384926770502,
        0.4200505621280836
      ],
      "mean": 0.42793778283853523,
      "lower_ci": 0.4052221870756027,
      "upper_ci": 0.45065337860146776,
      "confidence_level": 0.95
    },
    "spearmanr": {
      "value": [
        0.5996653550575712,
        0.5867179000047927,
        0.593858211843407,
        0.6063761337427813,
        0.5610001178365616,
        0.5851438625740941,
        0.5757021762238427,
        0.5984971187405471,
        0.5806285934416198,
        0.5747454063568662
      ],
      "mean": 0.5862334875822084,
      "lower_ci": 0.5592400197843225,
      "upper_ci": 0.6132269553800943,
      "confidence_level": 0.95
    }
  }
}