{
  "shape": [
    2,
    5
  ],
  "tag": "openadmet-CYP3A4-pchembl-regression-testing-cv",
  "cyp3a4_pchembl_value_mean": {
    "mse": {
      "value": [
        0.28932568603075964,
        0.25798791810247207,
        0.27008549018091405,
        0.26897122026293346,
        0.28376564376070174,
        0.2742373530496567,
        0.29186798401258995,
        0.2680743098173972,
        0.2796665130795598,
        0.27049080491757105
      ],
      "mean": 0.2754472923214556,
      "lower_ci": 0.25473427055816683,
      "upper_ci": 0.29616031408474436,
      "confidence_level": 0.95
    },
    "mae": {
      "value": [
        0.3802558213893294,
        0.3625588134249223,
        0.36829935537202557,
        0.36601057514574126,
        0.37539885242986476,
        0.36780738860285034,
        0.37297108566043785,
        0.3600288689729396,
        0.37033148264895704,
        0.36610319311243117
      ],
      "mean": 0.3689765436759499,
      "lower_ci": 0.3571735178011171,
      "upper_ci": 0.3807795695507827,
      "confidence_level": 0.95
    },
    "r2": {
      "value": [
        0.33560217172387075,
        0.42412151292222644,
        0.3755058489343731,
        0.4036858273412486,
        0.3649405412632726,
        0.37193682951494766,
        0.34668080133892876,
        0.3860736387234075,
        0.368224597958808,
        0.38635878603676266
      ],
      "mean": 0.37631305557578465,
      "lower_ci": 0.32578672981345713,
      "upper_ci": 0.42683938133811217,
      "confidence_level": 0.95
    },
    "ktau": {
      "value": [
        0.39206390115752565,
        0.4055715693932242,
        0.4031586634677234,
        0.40250494575431006,
        0.3989767721512076,
        0.4036089347613821,
        0.4057013426764839,
        0.40971988698036604,
        0.4056002090275656,
        0.4136483910277057
      ],
      "mean": 0.4040554616397494,
      "lower_ci": 0.39265501189989566,
      "upper_ci": 0.4154559113796032,
      "confidence_level": 0.95
    },
    "spearmanr": {
      "value": [
        0.5416653395964245,
        0.5570935273163399,
        0.5569107800325444,
        0.5516552052824228,
        0.5506913834709901,
        0.5547574146548531,
        0.556882327735885,
        0.5602194670630558,
        0.5562393855198963,
        0.5687973361464614
      ],
      "mean": 0.5554912166818874,
      "lower_ci": 0.5418505088299083,
      "upper_ci": 0.5691319245338665,
      "confidence_level": 0.95
    }
  }
}