{
  "shape": [
    2,
    5
  ],
  "tag": "openadmet-CYP3A4-pchembl-regression-testing-cv",
  "cyp3a4_pchembl_value_mean": {
    "mse": {
      "value": [
        0.2767676047773772,
        0.2640311880374418,
        0.25940632641408107,
        0.2583650799666639,
        0.26720750579908925,
        0.2809064384284898,
        0.27032141027150375,
        0.2677509063402571,
        0.26637431148563695,
        0.2787480228870081
      ],
      "mean": 0.26898787944075486,
      "lower_ci": 0.25380094398555963,
      "upper_ci": 0.2841748148959501,
      "confidence_level": 0.95
    },
    "mae": {
      "value": [
        0.3705202254080658,
        0.37529047665571746,
        0.363370883726835,
        0.3652051154665188,
        0.36681732595887057,
        0.37167308112879976,
        0.36803960760753257,
        0.3646556735981709,
        0.36559468344876095,
        0.37460629863883593
      ],
      "mean": 0.36857733716381075,
      "lower_ci": 0.36028981870263094,
      "upper_ci": 0.37686485562499056,
      "confidence_level": 0.95
    },
    "r2": {
      "value": [
        0.3644401294818813,
        0.41063177598900047,
        0.40019830948155755,
        0.4271998366456269,
        0.40199718417546837,
        0.35666317382696067,
        0.39491079250442396,
        0.38681427634765453,
        0.3982520971883071,
        0.3676262850917915
      ],
      "mean": 0.3908733860732672,
      "lower_ci": 0.3474513295147518,
      "upper_ci": 0.4342954426317826,
      "confidence_level": 0.95
    },
    "ktau": {
      "value": [
        0.40085072167791164,
        0.4006156079403109,
        0.40588620289040844,
        0.4038702496545003,
        0.40836142831577604,
        0.3957350878584403,
        0.39980422042620456,
        0.3996461493808233,
        0.4052434802033019,
        0.40080304081828877
      ],
      "mean": 0.40208161891659666,
      "lower_ci": 0.39481232172051667,
      "upper_ci": 0.40935091611267665,
      "confidence_level": 0.95
    },
    "spearmanr": {
      "value": [
        0.5511748303249194,
        0.5510879529536281,
        0.5569478456514356,
        0.5539266654875888,
        0.5603456527142068,
        0.5434286393326049,
        0.5496022688401374,
        0.5505251197013998,
        0.5552802870323961,
        0.5529013179529337
      ],
      "mean": 0.552522057999125,
      "lower_ci": 0.5435262315301581,
      "upper_ci": 0.5615178844680919,
      "confidence_level": 0.95
    }
  }
}