{
  "tag": "openadmet-CYP3A4-pchembl-regression-testing-cv",
  "cyp3a4_pchembl_value_mean": {
    "mse": {
      "value": 0.26429136484117016,
      "lower_ci": 0.23479563602321957,
      "upper_ci": 0.2903806971770717,
      "confidence_level": 0.95
    },
    "mae": {
      "value": 0.3657194252164425,
      "lower_ci": 0.3528489603455083,
      "upper_ci": 0.37836276324242435,
      "confidence_level": 0.95
    },
    "r2": {
      "value": 0.39452331105629734,
      "lower_ci": 0.3429914717663444,
      "upper_ci": 0.4545682337540136,
      "confidence_level": 0.95
    },
    "ktau": {
      "value": 0.4438939561367835,
      "lower_ci": 0.42245565599505025,
      "upper_ci": 0.46510468011150863,
      "confidence_level": 0.95
    },
    "spearmanr": {
      "value": 0.5997209962688748,
      "lower_ci": 0.5731822033919489,
      "upper_ci": 0.6272256083458523,
      "confidence_level": 0.95
    }
  }
}