{
  "shape": [
    5,
    2
  ],
  "tag": "openadmet-PXR-chembl",
  "cyp3a4_pchembl_value_mean": {
    "fit_time": {
      "value": [
        9.142051935195923,
        9.287199258804321,
        8.950947046279907,
        8.960299730300903,
        8.868149280548096,
        8.965029001235962,
        8.983656883239746,
        9.066833257675171,
        9.005841732025146,
        8.844939231872559
      ],
      "mean": 9.007494735717774,
      "lower_ci": 8.751527731470935,
      "upper_ci": 9.263461739964614,
      "confidence_level": 0.95
    },
    "score_time": {
      "value": [
        0.08869242668151855,
        0.08527755737304688,
        0.08735013008117676,
        0.08108711242675781,
        0.08473634719848633,
        0.08439230918884277,
        0.08628439903259277,
        0.08506035804748535,
        0.08445072174072266,
        0.08576297760009766
      ],
      "mean": 0.08530943393707276,
      "lower_ci": 0.08135895560081238,
      "upper_ci": 0.08925991227333313,
      "confidence_level": 0.95
    },
    "mse": {
      "value": [
        0.23259088725700872,
        0.23850749135406263,
        0.2415133922696352,
        0.279171474065924,
        0.2297709373847385,
        0.2433939023055295,
        0.2586213241706157,
        0.24343983246657244,
        0.24849554926936526,
        0.22817755369317488
      ],
      "mean": 0.2443682344236627,
      "lower_ci": 0.21450290487135437,
      "upper_ci": 0.27423356397597104,
      "confidence_level": 0.95
    },
    "mae": {
      "value": [
        0.3475206335772119,
        0.35144773257350975,
        0.3510678132529722,
        0.36035502361275024,
        0.3551208031423753,
        0.3494247245639491,
        0.36569489258078447,
        0.35697881236231094,
        0.3528094514073539,
        0.3463125900334511
      ],
      "mean": 0.3536732477106669,
      "lower_ci": 0.3418996887798409,
      "upper_ci": 0.36544680664149287,
      "confidence_level": 0.95
    },
    "r2": {
      "value": [
        0.44712928933219265,
        0.454672832943246,
        0.4310949410531034,
        0.41074080060807217,
        0.4330619312121875,
        0.41298814500209025,
        0.42267915026145164,
        0.4640169296614275,
        0.4342961125966477,
        0.4377012649787253
      ],
      "mean": 0.4348381397649145,
      "lower_ci": 0.40134949786896396,
      "upper_ci": 0.468326781660865,
      "confidence_level": 0.95
    },
    "ktau": {
      "value": [
        0.4440945251734384,
        0.42483488546303805,
        0.43103403272976687,
        0.43158441233461653,
        0.4001806620867078,
        0.4274767488367372,
        0.4215100401249931,
        0.4328693964519979,
        0.43298270351469503,
        0.42320361471545354
      ],
      "mean": 0.4269771021431444,
      "lower_ci": 0.40464445702727997,
      "upper_ci": 0.4493097472590088,
      "confidence_level": 0.95
    },
    "spearmanr": {
      "value": [
        0.6051047392183234,
        0.5826991139396344,
        0.591216884545011,
        0.5908227111738804,
        0.5526532220808873,
        0.5882472980014007,
        0.5769235655743628,
        0.5956853011312405,
        0.593789962012111,
        0.5773840882648082
      ],
      "mean": 0.585452688594166,
      "lower_ci": 0.5573406738285032,
      "upper_ci": 0.6135647033598288,
      "confidence_level": 0.95
    }
  }
}