{
  "tag": "openadmet-PXR-chembl",
  "cyp3a4_pchembl_value_mean": {
    "mse": {
      "value": 0.22720280883023952,
      "lower_ci": 0.20631814657144168,
      "upper_ci": 0.24603873108968752,
      "confidence_level": 0.95
    },
    "mae": {
      "value": 0.34121215194429294,
      "lower_ci": 0.3316537710438096,
      "upper_ci": 0.35038255931036116,
      "confidence_level": 0.95
    },
    "r2": {
      "value": 0.492076633824998,
      "lower_ci": 0.4590267580069768,
      "upper_ci": 0.5279165173668913,
      "confidence_level": 0.95
    },
    "ktau": {
      "value": 0.4539996577797714,
      "lower_ci": 0.43755513397926005,
      "upper_ci": 0.4703612726495533,
      "confidence_level": 0.95
    },
    "spearmanr": {
      "value": 0.6190604493434458,
      "lower_ci": 0.5997041190059883,
      "upper_ci": 0.6391932564542342,
      "confidence_level": 0.95
    }
  }
}