{
  "shape": [
    2,
    5
  ],
  "tag": "openadmet-CYP3A4-pchembl-regression-testing-cv",
  "cyp3a4_pchembl_value_mean": {
    "mse": {
      "value": [
        0.2775951964404693,
        0.25938819096298604,
        0.25568997121082726,
        0.2610173159995415,
        0.2653171931400875,
        0.27187108550619865,
        0.26276958641317655,
        0.26782295274775597,
        0.2657448271393617,
        0.2703761485772366
      ],
      "mean": 0.26575924681376406,
      "lower_ci": 0.25308044933900675,
      "upper_ci": 0.27843804428852137,
      "confidence_level": 0.95
    },
    "mae": {
      "value": [
        0.3668900729208886,
        0.36162887179460695,
        0.36164234400390377,
        0.3635626165003103,
        0.3653481792618731,
        0.36580958651460893,
        0.35971103441972535,
        0.3641149976069652,
        0.3649400302656668,
        0.3693817487975234
      ],
      "mean": 0.3643029482086072,
      "lower_ci": 0.358753393710556,
      "upper_ci": 0.3698525027066584,
      "confidence_level": 0.95
    },
    "r2": {
      "value": [
        0.36253967566735423,
        0.4209958354783372,
        0.4087913001163366,
        0.4213197802808789,
        0.40622765026769614,
        0.37735609672648274,
        0.41181484427373016,
        0.38664928034774326,
        0.39967412201912245,
        0.3866188978579126
      ],
      "mean": 0.3981987483035594,
      "lower_ci": 0.36014874960190585,
      "upper_ci": 0.43624874700521293,
      "confidence_level": 0.95
    },
    "ktau": {
      "value": [
        0.4136718282287703,
        0.4164027405319551,
        0.4158513294459756,
        0.4085580045150474,
        0.41173046406064573,
        0.4135225531281904,
        0.4173792415757314,
        0.413544458756383,
        0.40407786458879585,
        0.4069547498649661
      ],
      "mean": 0.4121693234696461,
      "lower_ci": 0.40363854561726387,
      "upper_ci": 0.4207001013220283,
      "confidence_level": 0.95
    },
    "spearmanr": {
      "value": [
        0.5679658010210373,
        0.5700610801758519,
        0.5719847517963609,
        0.5603557658665487,
        0.5652177809997656,
        0.5656728209200794,
        0.5715845397211008,
        0.566908732767447,
        0.5550434997500304,
        0.5612553054739312
      ],
      "mean": 0.5656050078492153,
      "lower_ci": 0.5550349227751088,
      "upper_ci": 0.5761750929233218,
      "confidence_level": 0.95
    }
  },
  "cyp2d6_pchembl_value_mean": {
    "mse": {
      "value": [
        0.4650669460508566,
        0.4822416619658063,
        0.4693450047700838,
        0.45294279590697734,
        0.4490437331746693,
        0.45934733532967925,
        0.45676875629849845,
        0.4487118650567307,
        0.4466990815625149,
        0.4632285159104116
      ],
      "mean": 0.4593395696026228,
      "lower_ci": 0.4376831406620062,
      "upper_ci": 0.4809959985432394,
      "confidence_level": 0.95
    },
    "mae": {
      "value": [
        0.48636674980551664,
        0.49680027942493526,
        0.48684926723921707,
        0.4791166289526531,
        0.47943698971969817,
        0.47514981452971466,
        0.48299454050591284,
        0.4765994154126405,
        0.4740815596569387,
        0.48418934356705323
      ],
      "mean": 0.48215845888142805,
      "lower_ci": 0.4687559844182094,
      "upper_ci": 0.4955609333446467,
      "confidence_level": 0.95
    },
    "r2": {
      "value": [
        0.17534670784666384,
        0.17090930657167291,
        0.19076738494684997,
        0.19831435807628306,
        0.1887883571111072,
        0.2233430530496867,
        0.2142696728105521,
        0.20423552098666553,
        0.20421196040114098,
        0.20613238804872547
      ],
      "mean": 0.1976318709849348,
      "lower_ci": 0.16540276415972296,
      "upper_ci": 0.2298609778101466,
      "confidence_level": 0.95
    },
    "ktau": {
      "value": [
        0.32432738319334237,
        0.3246925730824482,
        0.3229593032608312,
        0.34433809104140034,
        0.33657452904928986,
        0.35184183772105676,
        0.34057896311550395,
        0.3442586072911468,
        0.34324255795696845,
        0.3412399399275411
      ],
      "mean": 0.3374053785639529,
      "lower_ci": 0.31775878249742323,
      "upper_ci": 0.3570519746304826,
      "confidence_level": 0.95
    },
    "spearmanr": {
      "value": [
        0.4596972493483566,
        0.4613698584671661,
        0.4582564736222282,
        0.4858645789894676,
        0.47649401228222976,
        0.4969214574874529,
        0.4848442281836181,
        0.48520459053060616,
        0.48340033136491684,
        0.4816285229532355
      ],
      "mean": 0.4773681303229277,
      "lower_ci": 0.4515591508363894,
      "upper_ci": 0.503177109809466,
      "confidence_level": 0.95
    }
  },
  "cyp2c9_pchembl_value_mean": {
    "mse": {
      "value": [
        0.4142510073850774,
        0.4018117469853088,
        0.38935658576109267,
        0.40338198124565555,
        0.38755785662702275,
        0.4014845614538663,
        0.39531036463548563,
        0.4210261781040143,
        0.3790103981942451,
        0.4148583400317541
      ],
      "mean": 0.4008049020423523,
      "lower_ci": 0.3746145188462917,
      "upper_ci": 0.4269952852384129,
      "confidence_level": 0.95
    },
    "mae": {
      "value": [
        0.4506595662249224,
        0.45111935930322195,
        0.4409690774322071,
        0.45013353427856523,
        0.44424067926777433,
        0.4391179966557183,
        0.44749041566613307,
        0.4559913028085898,
        0.4386457488440732,
        0.45077447762803813
      ],
      "mean": 0.4469142158109244,
      "lower_ci": 0.4353864155712257,
      "upper_ci": 0.45844201605062307,
      "confidence_level": 0.95
    },
    "r2": {
      "value": [
        0.10571663441281076,
        0.13315451219307828,
        0.15225247751631854,
        0.13748449780763083,
        0.1526865449869259,
        0.1451325676933528,
        0.1575737723431233,
        0.08005661651446949,
        0.1631281933274209,
        0.12480667632918563
      ],
      "mean": 0.13519924931243166,
      "lower_ci": 0.08457937682858034,
      "upper_ci": 0.18581912179628296,
      "confidence_level": 0.95
    },
    "ktau": {
      "value": [
        0.3142845584083239,
        0.29352201750233803,
        0.3085329982071153,
        0.31332512000587015,
        0.31578700430497975,
        0.31798278616451214,
        0.3030217105490256,
        0.3086991407843677,
        0.30329488969207485,
        0.30900203234469964
      ],
      "mean": 0.30874522579633074,
      "lower_ci": 0.2944182185929108,
      "upper_ci": 0.3230722329997507,
      "confidence_level": 0.95
    },
    "spearmanr": {
      "value": [
        0.44458051199083964,
        0.4161047637010515,
        0.4352733938670847,
        0.44185701825627893,
        0.4470671982052504,
        0.44785035075959784,
        0.4290484523674396,
        0.43599588478704676,
        0.4281355633454322,
        0.4356809415755842
      ],
      "mean": 0.43615940788556057,
      "lower_ci": 0.416809479253068,
      "upper_ci": 0.45550933651805314,
      "confidence_level": 0.95
    }
  },
  "cyp1a2_pchembl_value_mean": {
    "mse": {
      "value": [
        0.339673369696193,
        0.31653139000681174,
        0.2912020338432416,
        0.3316168893398709,
        0.31139037214956494,
        0.32199976256219703,
        0.3273583758022063,
        0.31297405323649924,
        0.31627404203852033,
        0.30483121686316933
      ],
      "mean": 0.31738515055382743,
      "lower_ci": 0.29028544457930366,
      "upper_ci": 0.3444848565283512,
      "confidence_level": 0.95
    },