{
  "tag": "openadmet-CYP3A4-pchembl-regression-testing-cv",
  "cyp3a4_pchembl_value_mean": {
    "mse": {
      "value": 0.24006154396590274,
      "lower_ci": 0.2147036542103974,
      "upper_ci": 0.26348040093795144,
      "confidence_level": 0.95
    },
    "mae": {
      "value": 0.34115005770937007,
      "lower_ci": 0.3284754019691637,
      "upper_ci": 0.35327157157903966,
      "confidence_level": 0.95
    },
    "r2": {
      "value": 0.45003247128206725,
      "lower_ci": 0.3977298311448382,
      "upper_ci": 0.5043945705322626,
      "confidence_level": 0.95
    },
    "ktau": {
      "value": 0.4606366883247357,
      "lower_ci": 0.43967056538313376,
      "upper_ci": 0.48194472947662953,
      "confidence_level": 0.95
    },
    "spearmanr": {
      "value": 0.6196443249020317,
      "lower_ci": 0.5942264368816552,
      "upper_ci": 0.6462880835655741,
      "confidence_level": 0.95
    }
  },
  "cyp2d6_pchembl_value_mean": {
    "mse": {
      "value": 0.418552879906264,
      "lower_ci": 0.36814247099129166,
      "upper_ci": 0.46743191268849354,
      "confidence_level": 0.95
    },
    "mae": {
      "value": 0.45181106635970747,
      "lower_ci": 0.42995257428243505,
      "upper_ci": 0.4731611216490536,
      "confidence_level": 0.95
    },
    "r2": {
      "value": 0.24061060174176307,
      "lower_ci": 0.182556199934582,
      "upper_ci": 0.3000024988909924,
      "confidence_level": 0.95
    },
    "ktau": {
      "value": 0.3842801165915015,
      "lower_ci": 0.35517653140318334,
      "upper_ci": 0.4119401355684554,
      "confidence_level": 0.95
    },
    "spearmanr": {
      "value": 0.5377120478447062,
      "lower_ci": 0.5024372877812763,
      "upper_ci": 0.5752454124370784,
      "confidence_level": 0.95
    }
  },
  "cyp2c9_pchembl_value_mean": {
    "mse": {
      "value": 0.38186188078933664,
      "lower_ci": 0.33852122880695834,
      "upper_ci": 0.42317270454718037,
      "confidence_level": 0.95
    },
    "mae": {
      "value": 0.43116955177355526,
      "lower_ci": 0.41212373407150754,
      "upper_ci": 0.4494970490846348,
      "confidence_level": 0.95
    },
    "r2": {
      "value": 0.21714941113197184,
      "lower_ci": 0.15982477965573288,
      "upper_ci": 0.27704667636423475,
      "confidence_level": 0.95
    },
    "ktau": {
      "value": 0.36332422954554133,
      "lower_ci": 0.33746007037931325,
      "upper_ci": 0.3902719282696735,
      "confidence_level": 0.95
    },
    "spearmanr": {
      "value": 0.5068423948140047,
      "lower_ci": 0.47264071387234086,
      "upper_ci": 0.5424988760590352,
      "confidence_level": 0.95
    }
  },
  "cyp1a2_pchembl_value_mean": {
    "mse": {
      "value": 0.29755597054572147,
      "lower_ci": 0.2695628221181482,
      "upper_ci": 0.3233891843695289,
      "confidence_level": 0.95
    },
    "mae": {
      "value": 0.4016637337632413,
      "lower_ci": 0.3860001950666748,
      "upper_ci": 0.41721827518886234,
      "confidence_level": 0.95
    },
    "r2": {
      "value": 0.38111084987045674,
      "lower_ci": 0.3344410979199685,
      "upper_ci": 0.42955778197924155,
      "confidence_level": 0.95
    },
    "ktau": {
      "value": 0.4379427805631398,
      "lower_ci": 0.4141357537634547,
      "upper_ci": 0.46234873675901966,
      "confidence_level": 0.95
    },
    "spearmanr": {
      "value": 0.6008620713574001,
      "lower_ci": 0.5708817447805671,
      "upper_ci": 0.6322817216192256,
      "confidence_level": 0.95
    }
  }
}